{"cameraMode":{"drawMode":0,"name":"Shaded","section":"Shading Mode"},"sceneLighting":true,"audioPlay":false,"sceneViewState":{"m_AlwaysRefresh":false,"showFog":true,"showSkybox":false,"showFlares":true,"showImageEffects":true,"showParticleSystems":true,"showVisualEffectGraphs":true,"m_FxEnabled":true},"in2DMode":false,"pivot":{"x":0.08640612661838532,"y":1.188576340675354,"z":-1.2900933027267457},"rotation":{"x":-0.10355439782142639,"y":0.03639170154929161,"z":-0.003792371368035674,"w":-0.9939546585083008},"size":0.7143574357032776,"orthographic":false}