{"cameraMode":{"drawMode":0,"name":"Shaded","section":"Shading Mode"},"sceneLighting":true,"audioPlay":false,"sceneViewState":{"m_AlwaysRefresh":false,"showFog":true,"showSkybox":true,"showFlares":true,"showImageEffects":true,"showParticleSystems":true,"showVisualEffectGraphs":true,"m_FxEnabled":true},"in2DMode":false,"pivot":{"x":-0.32589882612228396,"y":-0.21911555528640748,"z":2.019688844680786},"rotation":{"x":-0.1050870344042778,"y":0.022967291995882989,"z":-0.0024277048651129009,"w":-0.9941955208778381},"size":2.0823893547058107,"orthographic":false}