{"cameraMode":{"drawMode":0,"name":"Shaded","section":"Shading Mode"},"sceneLighting":true,"audioPlay":false,"sceneViewState":{"m_AlwaysRefresh":false,"showFog":true,"showSkybox":true,"showFlares":true,"showImageEffects":true,"showParticleSystems":true,"showVisualEffectGraphs":true,"m_FxEnabled":true},"in2DMode":false,"pivot":{"x":-2.588740110397339,"y":0.781315267086029,"z":0.3651852607727051},"rotation":{"x":-0.03587435185909271,"y":0.40799006819725039,"z":-0.01604606583714485,"w":-0.9121410846710205},"size":2.1444685459136965,"orthographic":false}