{"cameraMode":{"drawMode":0,"name":"Shaded","section":"Shading Mode"},"sceneLighting":true,"audioPlay":false,"sceneViewState":{"m_AlwaysRefresh":false,"showFog":true,"showSkybox":true,"showFlares":true,"showImageEffects":true,"showParticleSystems":true,"showVisualEffectGraphs":true,"m_FxEnabled":true},"in2DMode":false,"pivot":{"x":-1.2969896793365479,"y":1.5608692169189454,"z":0.7813587188720703},"rotation":{"x":-0.15862691402435304,"y":0.01095669250935316,"z":-0.0017603581072762609,"w":-0.987276017665863},"size":3.416149377822876,"orthographic":false}