{"cameraMode":{"drawMode":0,"name":"Shaded","section":"Shading Mode"},"sceneLighting":true,"audioPlay":false,"sceneViewState":{"m_AlwaysRefresh":false,"showFog":true,"showSkybox":true,"showFlares":true,"showImageEffects":true,"showParticleSystems":true,"showVisualEffectGraphs":true,"m_FxEnabled":true},"in2DMode":false,"pivot":{"x":-2.0603678226470949,"y":2.2096805572509767,"z":2.731125831604004},"rotation":{"x":0.03268451616168022,"y":0.0005970642669126391,"z":0.000019534107195795514,"w":-0.9994654059410095},"size":16.293617248535158,"orthographic":false}