{"cameraMode":{"drawMode":0,"name":"Shaded","section":"Shading Mode"},"sceneLighting":true,"audioPlay":false,"sceneViewState":{"m_AlwaysRefresh":false,"showFog":true,"showSkybox":true,"showFlares":true,"showImageEffects":true,"showParticleSystems":true,"showVisualEffectGraphs":true,"m_FxEnabled":true},"in2DMode":false,"pivot":{"x":-2.8033697605133058,"y":0.7169039249420166,"z":0.3295951187610626},"rotation":{"x":-0.060232728719711307,"y":0.03652237355709076,"z":-0.0022053460124880077,"w":-0.9975137710571289},"size":0.8220028281211853,"orthographic":false}