{"cameraMode":{"drawMode":0,"name":"Shaded","section":"Shading Mode"},"sceneLighting":true,"audioPlay":false,"sceneViewState":{"m_AlwaysRefresh":false,"showFog":true,"showSkybox":true,"showFlares":true,"showImageEffects":true,"showParticleSystems":true,"showVisualEffectGraphs":true,"m_FxEnabled":true},"in2DMode":false,"pivot":{"x":-16.601612091064454,"y":2.2784900665283205,"z":17.694377899169923},"rotation":{"x":-0.1478743553161621,"y":0.37856605648994448,"z":-0.06140730157494545,"w":-0.9116224050521851},"size":13.553449630737305,"orthographic":false}