{"cameraMode":{"drawMode":0,"name":"Shaded","section":"Shading Mode"},"sceneLighting":true,"audioPlay":false,"sceneViewState":{"m_AlwaysRefresh":false,"showFog":true,"showSkybox":true,"showFlares":true,"showImageEffects":true,"showParticleSystems":true,"showVisualEffectGraphs":true,"m_FxEnabled":true},"in2DMode":false,"pivot":{"x":-1.9584815502166749,"y":0.3028663992881775,"z":0.8585562705993652},"rotation":{"x":-0.04229682683944702,"y":0.0005963867879472673,"z":-0.00002515816959203221,"w":-0.9991050362586975},"size":1.9339964389801026,"orthographic":false}