{"cameraMode":{"drawMode":0,"name":"Shaded","section":"Shading Mode"},"sceneLighting":true,"audioPlay":false,"sceneViewState":{"m_AlwaysRefresh":false,"showFog":true,"showSkybox":true,"showFlares":true,"showImageEffects":true,"showParticleSystems":true,"showVisualEffectGraphs":true,"m_FxEnabled":true},"in2DMode":false,"pivot":{"x":0.35868966579437258,"y":0.8545344471931458,"z":-0.40157485008239748},"rotation":{"x":-0.11379394680261612,"y":0.23230277001857758,"z":-0.02737688086926937,"w":-0.9655774235725403},"size":1.5626379251480103,"orthographic":false}